"parametro","valor"
"ma1",-0.820492347073929
"ma2",-0.110851856560885
"aic",6595.17332828609
"bic",6610.04296461554
"logLik",-3294.58666414304
"sigma2",31.049078393428
