"lag","pacf"
1,0.262029051063479
2,0.0982629608366114
3,0.0476730013000452
4,0.161989248821989
5,0.142672336248919
6,0.0363831543927569
7,0.0552204566466047
8,0.0979901395007373
9,0.0476831176758212
10,0.000679078515689034
11,0.0102793663146925
12,0.0641924789559188
13,0.0229744341157967
14,0.0933887296395007
15,-0.0315108353084673
16,0.0505701101613592
17,-0.00359794159038425
18,-0.0656671807858438
19,0.0189456204309809
20,0.0295481219181706
