"max_abs","MAE","RMSE"
1.95285241967172,1.63585093314192,1.65893412103192
