"max_abs","MAE","RMSE","media_diff","sd_diff"
5.09762730525097,0.558948637182776,0.787156332343774,0.0541187967653227,0.785667593592341
